Producto,YTD_2024,Q4_2024_proj,Est_2024,Total_Inv,Diff,Status
Mandy Princesa,10110,4231.483214404735,14341.483214404736,1000,-13341.483214404736,Riesgo stockout
Mandy Dentista,5810,1545.5806218770026,7355.580621877003,1000,-6355.580621877003,Riesgo stockout
Mandy Veterinaria,8100,2243.3139522513693,10343.31395225137,490,-9853.31395225137,Riesgo stockout
Mandy Sirena,5140,-1320.1580053860612,3819.841994613939,5120,1300.1580053860612,Exceso inv.
Mandy Doctora,6150,1464.4565283043223,7614.456528304322,630,-6984.456528304322,Riesgo stockout
